etiqueta,hu1,hu2,hu3,hu4,hu5,hu6,hu7,fft1,fft2,fft3,fft4,fft5,fft6,fft7,fft8,fft9,fft10
circle,0.786028,3.08755,3.7617,5.865,-10.715,-7.52608,-11.0825,0.998578,0.0190254,0.034527,0.0258358,0.0224769,0.00719325,0.00568573,0.0010862,0.00174603,0.00524478
circle,-0.902691,-1.72471,-2.05815,-1.55537,-3.24441,-1.95169,3.17299,0.93967,0.116812,0.311654,0.0528441,0.0126143,0.0376828,0.0369096,0.016544,0.0109588,0.0109419
circle,0.775703,2.74015,3.77342,5.09411,9.76914,6.72237,-9.61457,0.99615,0.0218012,0.0769893,0.0324026,0.00510029,0.00901475,0.00324005,0.0100316,0.00354648,0.00157946
circle,0.73071,2.03978,4.96087,6.29877,-12.2709,-7.52712,-11.9789,0.989257,0.0298252,0.140148,0.0228838,0.0122532,0.00437884,0.00937217,0.00352016,0.00609533,0.0031345
circle,-0.651319,-0.339887,-0.944482,-0.68125,1.48381,0.838225,-0.827123,0.987851,0.0569905,0.138532,0.0278636,0.00544972,0.0132358,0.0257374,0.002163,0.00697906,0.0037412
circle,0.788657,3.26563,3.91251,6.3219,11.9518,-8.48555,-11.4606,0.99855,0.0193277,0.039976,0.00920714,0.0240564,0.0141099,0.00620535,0.00407092,0.00177332,0.00219943
circle,0.753967,2.24711,5.58992,7.07529,-13.466,-8.277,-13.7225,0.993598,0.0205726,0.108944,0.0166787,0.00305084,0.00521038,0.00922073,0.00521181,0.00392463,0.00539428
circle,0.783314,2.79928,5.08023,7.02118,-13.2225,-8.99495,-13.2223,0.998244,0.0100038,0.0529491,0.017098,0.0134161,0.00633085,0.00548802,0.00205824,0.0024791,0.00721347
circle,0.7904,3.06721,5.5738,7.64346,14.4432,9.5417,-14.3684,0.998972,0.00786757,0.0428305,0.0090981,0.00519172,0.00157799,0.00616638,0.000884211,0.00253291,0.00084429
circle,-0.843392,-0.743449,-1.83315,-1.46473,-3.07567,-1.82988,2.71643,0.988193,0.0477978,0.061912,0.0463317,0.112657,0.0432726,0.0228052,0.00674008,0.00603748,0.00662419
circle,0.769474,2.46391,4.75338,6.43833,-12.3967,-7.89555,-12.0795,0.995906,0.00147732,0.0875154,0.0175755,0.00878512,0.00839199,0.00419466,0.00105912,0.00388654,0.00444627
circle,0.787882,3.30263,3.70713,6.13564,11.0748,7.79464,11.6087,0.998607,0.0192906,0.0346566,0.0272357,0.0175251,0.00601313,0.008411,0.00251814,0.00290139,0.00637154
circle,-0.566038,0.00559468,0.457302,1.46458,2.47174,1.57016,2.78418,0.996822,0.0320205,0.0125592,0.022156,0.0597643,0.00995264,0.028464,0.0110176,0.00246657,0.00796577
circle,0.796062,3.67998,5.3064,7.9989,14.6532,9.8389,15.711,0.999724,0.00829648,0.0197132,0.00658852,0.00313887,0.00251637,0.00349457,0.00120702,0.00439182,0.00101583
circle,0.769586,2.50924,3.98925,5.71826,-10.8249,-7.14283,10.6532,0.996676,0.0220935,0.0640201,0.0394042,0.0126389,0.0152166,0.00580225,0.00341603,0.00361908,0.00687182
circle,0.791791,3.32272,4.82273,6.56437,-12.8847,-8.39501,-12.2704,0.998909,0.00704382,0.0413764,0.0100656,0.0118741,0.00478796,0.0059533,0.00397535,0.00888605,0.00491364
circle,0.772717,2.52455,4.82472,6.29226,11.8737,7.59028,12.3504,0.996781,0.0183793,0.0751171,0.00439846,0.0133347,0.00881988,0.0120271,0.00208164,0.00368822,0.00297991
circle,0.779195,2.70791,4.13302,5.61526,10.5004,6.97024,11.1426,0.997283,0.00720047,0.0701898,0.015191,0.00968102,0.00876052,0.00472492,0.00206411,0.00280852,0.00339165
circle,0.782678,2.76816,4.70562,6.54023,-12.2123,-8.01714,12.5098,0.998206,0.0204263,0.0510386,0.0134782,0.00990402,0.0147991,0.00552792,0.00420457,0.00362339,0.00146578
circle,0.781787,2.75418,4.28443,5.90235,11.0192,7.34922,11.491,0.997641,0.0122785,0.0655894,0.00336617,0.0128683,0.00211154,0.0043696,0.00558967,0.00397737,0.00346602
circle,0.77314,2.59364,3.81371,5.64443,-10.3854,-6.96115,-11.0091,0.996637,0.0285454,0.0720692,0.00499966,0.0211388,0.00711791,0.00255102,0.00801241,0.00717302,0.00785585
circle,0.77981,2.73179,4.26736,6.02346,11.2572,7.57839,11.4069,0.997368,0.0146966,0.0655982,0.00587063,0.0105394,0.0137998,0.00342028,0.0134371,0.00996987,0.0104592
circle,0.784747,2.95849,3.81493,5.66789,10.4119,7.15869,-11.3695,0.998461,0.00954863,0.0486391,0.016366,0.0132146,0.0106591,0.000279766,0.00340087,0.00249097,0.00673976
circle,0.777812,2.63978,4.62817,6.55543,12.5435,8.35885,-12.1854,0.997135,0.0124796,0.0699733,0.0200155,0.0141367,0.0054046,0.00222966,0.00397635,0.00301474,0.00304215
circle,-0.726201,-0.228709,-0.196924,0.608006,-1.94312,1.20925,-0.814746,0.998759,0.0207913,0.0168558,0.0115107,0.0326024,0.0102747,0.0164606,0.0128537,0.00506986,0.00143834
circle,0.792755,3.39235,4.15538,6.51251,11.9943,8.39222,11.9997,0.999219,0.00161973,0.0301259,0.0240441,0.00381457,0.00463528,0.00172447,0.00327332,0.00293583,0.00395487
circle,0.763604,2.46211,4.07173,5.39158,-11.2531,-6.79038,10.1244,0.994423,0.0437193,0.0865326,0.0243133,0.0118539,0.0168035,0.0155166,0.0150153,0.0127163,0.00904219
circle,0.786472,2.93768,4.38015,6.26014,-12.8848,8.60865,11.5808,0.99862,0.0196392,0.0434231,0.0108759,0.0106953,0.0123371,0.00872685,0.0039155,0.00288275,0.00169024
circle,0.795097,3.50439,5.01957,7.60573,14.3966,9.81461,13.9438,0.999611,0.00131844,0.025355,0.0105048,0.00277888,0.00237658,0.000352707,0.00241941,0.00146721,0.00132966
circle,0.7645,2.40955,4.29192,5.49537,10.5285,6.94834,10.5511,0.996252,0.0114009,0.0782188,0.0248143,0.0168242,0.00834418,0.00630568,0.0123589,0.00845489,0.00074778
circle,0.762086,2.34626,4.86215,6.06432,11.5312,7.24305,12.4139,0.995605,0.0106881,0.0916826,0.00667392,0.00482417,0.00295292,0.0103302,0.00180565,0.00780704,0.00196981
circle,0.796416,4.22387,4.36746,7.70665,-13.9187,-9.95651,13.8722,0.999739,0.00103581,0.00703669,0.0207036,0.00432508,0.00379667,0.00201348,0.000599815,0.00162286,0.00187659
circle,0.782468,2.7632,4.56862,6.06509,11.4455,7.51243,11.6798,0.997966,0.0134597,0.058692,0.0178502,0.007509,0.00331526,0.00264463,0.00106688,0.00556979,0.00346529
circle,0.795917,4.64859,4.26772,7.32842,13.1793,9.70711,-13.4595,0.999755,0.00403979,0.00347766,0.0158343,0.00560294,0.002501,0.0109728,0.00355123,0.00218669,0.00598567
circle,-0.638812,-0.0266306,1.26898,0.724786,1.72367,0.867036,2.74042,0.997781,0.0114638,0.0298781,0.007624,0.0523744,0.0162984,0.0173882,0.00143787,0.00388888,0.0048377
circle,0.765809,2.42208,4.20705,5.38245,10.1907,6.61151,10.7871,0.994632,0.00626555,0.098144,0.0195108,0.019829,0.0105735,0.00859868,0.00507786,0.00580298,0.0041449
circle,-0.680287,-0.161036,-0.534599,-0.732837,-1.23001,-0.754874,1.20111,0.995202,0.0444806,0.0843167,0.0042498,0.0143308,0.011007,0.00385366,0.00668173,0.00288906,0.00848284
circle,0.783077,2.77311,4.67077,6.60791,13.4991,-8.68031,12.2479,0.997913,0.00564249,0.0605893,0.0150039,0.0134427,0.000627423,0.00621508,0.00300591,0.00286107,0.00207786
circle,0.735264,2.10239,3.70496,4.73436,8.962,5.79594,-9.67534,0.992191,0.0296678,0.114916,0.0266259,0.0160495,0.00540852,0.0178879,0.00514794,0.0100053,0.00529084
circle,0.72716,2.04983,3.60766,4.35372,8.34463,5.40103,9.00308,0.985138,0.0896726,0.144445,0.00787817,0.0161524,0.00315669,0.00920944,0.0115722,0.00345703,0.00579741
circle,-0.535299,0.103537,1.49274,1.17189,-2.59083,1.60241,-2.74563,0.996531,0.0169343,0.00313964,0.0113393,0.0736482,0.0156924,0.0120536,0.0182863,0.0182988,0.00408431
circle,0.676118,1.87373,3.56981,4.12896,-8.37622,-5.78949,-8.01622,0.981057,0.114225,0.0505112,0.104431,0.0782052,0.0522082,0.0290327,0.0223574,0.0162425,0.0239673
circle,-0.563199,-0.153328,0.411473,1.00679,1.77251,-1.48654,-2.03559,0.991987,0.0268869,0.0263441,0.0217271,0.114054,0.0120817,0.025593,0.00783835,0.01123,0.00875361
circle,0.791476,3.2466,4.21918,6.59485,12.0681,8.26292,12.2919,0.999133,0.000384031,0.0320462,0.0244554,0.00654498,0.0040004,0.00341771,0.00285528,0.00527758,0.001371
circle,-0.475218,0.419887,0.728608,1.33908,-4.72925,1.59987,2.37293,0.997266,0.0355969,0.0298339,0.0144376,0.0390455,0.0347395,0.00215244,0.0168501,0.00854097,0.00131731
circle,0.788606,3.24008,4.00379,5.76529,11.0291,7.93269,10.6914,0.99862,0.0044958,0.0341629,0.0260093,0.022338,0.012447,0.00758259,0.0109673,0.00706478,0.00361719
circle,0.78874,3.47945,3.63618,6.3974,-11.6751,-8.20593,-11.4919,0.998413,0.00643548,0.0433141,0.025655,0.0209238,0.00982261,0.00200554,0.00174593,0.00586633,0.00445614
circle,0.780153,2.86442,3.76046,5.92416,-10.9174,-7.53458,-10.9166,0.997671,0.0148627,0.0509818,0.0342036,0.0109704,0.0130921,0.0106847,0.0106356,0.00420358,0.011233
circle,0.7921,3.8468,4.36076,6.19698,12.089,9.08222,-11.4891,0.999276,0.00912836,0.020344,0.0192957,0.0150704,0.012863,0.0100304,0.00870831,0.00270408,0.00141757
circle,0.790595,3.17661,4.15453,6.38508,-11.6749,-7.99571,-12.1821,0.998927,0.00790792,0.0430177,0.0113199,0.0053616,0.00393758,0.0029616,0.00673136,0.00183893,0.0016155
circle,0.789108,3.08546,5.74801,7.39326,14.043,8.93616,14.2215,0.99888,0.00350197,0.0407118,0.0114412,0.0163557,0.0091061,0.00836056,0.00288843,0.000126829,0.00309137
circle,0.796167,3.83489,5.69984,8.16101,-15.4661,-10.1188,15.134,0.999746,0.00265157,0.0163423,0.00462453,0.0121889,0.00628781,0.00282788,0.00135217,0.00311022,0.00219907
circle,0.782901,2.80768,4.17331,6.02291,-12.0158,-7.78473,11.1246,0.997877,0.00835701,0.060908,0.0137882,0.0088948,0.005372,0.00891101,0.00622381,0.0065829,0.00151911
circle,0.743236,2.14231,5.28908,6.73026,-12.7537,-7.81201,-13.3453,0.993969,0.0189629,0.10572,0.0137595,0.00468724,0.0118641,0.0087114,0.00446131,0.00455237,0.00460527
circle,0.789836,3.17783,4.1986,6.32935,12.4133,8.68807,-11.5984,0.999016,0.00841525,0.0321481,0.0174139,0.0209291,0.00758297,0.00397182,0.000502132,0.00623752,0.00307695
circle,-0.677522,-0.307243,-0.94384,-0.800103,-1.21344,0.75447,-1.64407,0.987817,0.0465244,0.122144,0.0731254,0.00610461,0.0169271,0.0229876,0.0201991,0.0228001,0.00237399
circle,0.746513,2.20541,3.71198,4.89793,9.2326,6.06573,9.64952,0.992944,0.0288588,0.109922,0.0248341,0.0166506,0.0116382,0.0043399,0.00452529,0.00650846,0.00595508
circle,0.789171,3.20587,4.17137,6.31757,-11.6099,-7.93596,-11.9141,0.99881,0.00736737,0.0312578,0.0244986,0.0186712,0.0163403,0.00956472,0.00230726,0.00185084,0.00565022
circle,0.787304,2.92034,5.27856,6.78212,12.8224,8.25708,13.4873,0.998608,0.0127866,0.0486379,0.00837658,0.00747009,0.00553819,0.00840465,0.00312576,0.00202781,0.003463
circle,0.792489,3.54347,4.0142,6.71726,12.3137,8.63023,-12.1751,0.999203,0.00575787,0.0150389,0.0303236,0.0182672,0.00511641,0.00520835,0.00159922,5.04694e-05,0.00495424
circle,0.786204,2.88841,4.5818,6.37753,11.9708,8.05918,12.0522,0.998082,0.00650854,0.0586234,0.00924824,0.00764294,0.00771591,0.00879026,0.003942,0.00737614,0.0018017
circle,0.793568,3.39105,5.21535,7.77405,-14.6149,-9.66244,14.3181,0.999329,0.0109297,0.0290524,0.011172,0.00537878,0.0105466,0.00656323,0.00293711,0.00756244,0.00214742
circle,0.745191,2.16117,4.54118,5.71361,10.9437,6.98268,11.0529,0.991525,0.0113646,0.126869,0.0164298,0.0107147,0.0102996,0.0102831,0.00405923,0.00211688,0.00591218
circle,-0.690184,0.717642,-0.038662,0.0949723,-0.166457,-1.35013,0.494419,0.998556,0.0102873,0.0378542,0.0280494,0.0156855,0.00134851,0.00919383,0.0122516,0.00874534,0.00105373
circle,-0.659853,0.211226,0.573232,-0.0161183,0.270331,-0.137868,-0.986134,0.995768,0.0397903,0.0319956,0.0455811,0.0577668,0.0168139,0.00421709,0.00767289,0.00365277,0.00716308
circle,0.779117,2.6591,4.56219,6.11129,11.5733,7.59859,11.6271,0.997641,0.00726922,0.0662433,0.0133701,0.00415385,0.00437167,0.0033439,0.00333957,0.00545877,0.00206198
circle,0.719815,1.97314,4.04833,4.88088,9.36925,5.93576,9.83756,0.989301,0.041646,0.137623,0.00473266,0.0100196,0.00976584,0.0133596,0.0141441,0.00242597,0.0023961
circle,0.795152,3.87817,4.1952,7.14675,-13.4984,-9.87009,-12.8274,0.999518,0.00894817,0.0218458,0.0169008,0.00696356,0.00537995,0.00341338,0.00400415,0.00183633,0.00359535
circle,0.755069,2.29444,3.82213,5.31297,-9.96119,-6.51959,-10.1346,0.993393,0.0132524,0.106629,0.0307002,0.00734146,0.0229709,0.00683722,0.000998778,0.00370399,0.00624344
circle,0.775534,2.56713,5.12466,6.84893,-12.8709,-8.1411,13.2483,0.997211,0.00198452,0.0733161,0.0026111,0.00817948,0.00124555,0.00526987,0.00249947,0.00670814,0.00602947
circle,0.78722,2.92469,4.70817,6.45795,12.0733,7.97446,-12.4708,0.998725,0.0130551,0.0458858,0.0107906,0.00845356,0.000896704,0.00417428,0.00485334,0.00372261,0.00530997
circle,0.790413,3.15838,4.35586,6.82466,-12.4188,-8.40715,-13.2926,0.998871,0.00408074,0.0404713,0.0169191,0.0133186,0.00149165,0.00686364,0.001576,0.00906644,0.0023001
circle,0.78419,3.0329,3.94413,5.98136,10.946,7.84234,-11.9699,0.997804,0.00620211,0.0389817,0.0300785,0.0285771,0.026316,0.0180137,0.00941021,0.00139008,0.000418887
circle,0.774361,2.66128,3.76481,5.37979,10.4452,7.03077,9.97576,0.99759,0.0519011,0.0397757,0.014754,0.0113747,0.00390772,0.0101394,0.00722699,0.00377086,0.00274505
circle,-0.602844,-0.0296045,-0.155911,-0.0741945,-0.260638,0.418702,-0.160013,0.995158,0.0242382,0.075659,0.0333335,0.0197401,0.0417711,0.00817741,0.0010194,0.000898193,0.00594065
circle,0.782163,2.73509,5.26487,6.94669,14.4867,-9.19542,13.0528,0.997718,0.00456391,0.0647333,0.0101104,0.0077717,0.00930472,0.00891612,0.00225391,0.0033416,0.0013806
circle,0.785074,2.86931,4.20439,5.99168,11.0923,7.43333,12.0561,0.998336,0.00346711,0.0495656,0.0273655,0.00424201,0.00611328,0.00415719,0.00275878,0.00387793,0.00338778
circle,-0.710724,-0.826781,-0.704973,0.230124,-0.252144,0.178112,-0.0710121,0.991143,0.0575102,0.0224767,0.0270038,0.110347,0.0225,0.00670042,0.00640504,0.0160432,0.00819124
circle,0.786651,2.88556,5.25126,6.89319,12.9741,8.34183,-13.6688,0.998414,0.00504116,0.0536865,0.00245688,0.0117867,0.00586669,0.00389927,0.00432906,0.0068676,0.00122874
circle,0.766783,2.43723,4.11419,5.61252,11.0683,7.5293,-10.4905,0.996859,0.0332584,0.0690732,0.0144485,0.00956445,0.00704754,0.00254617,0.0040966,0.000985963,0.00445485
circle,0.797169,4.41148,4.76432,8.08419,-14.5085,-10.3524,-16.3493,0.9999,0.0030333,0.00669705,0.00969533,0.00513921,0.00185666,0.00343485,0.00139763,0.00166692,0.00254198
circle,0.787309,2.95537,4.4048,6.57722,-12.1457,-8.18225,-12.3296,0.99848,0.00162306,0.0521311,0.014443,0.00675039,0.00257606,0.00482302,0.00541008,0.00109587,0.00137856
circle,0.7905,3.23761,4.18713,6.82093,-12.3409,-8.47679,12.8997,0.998738,0.0142575,0.0432903,0.00931057,0.0100593,0.013552,0.00470401,0.00224962,0.00474088,0.00479466
circle,0.745928,2.1703,4.69946,5.95471,11.5499,7.45243,-11.3565,0.994998,0.00286889,0.096281,0.0140488,0.01935,0.00496805,0.00743189,0.00302622,0.00609341,0.00149661
circle,-0.68962,-0.0595716,0.0293738,0.568102,0.924976,0.660572,-1.18142,0.996034,0.0468511,0.0266246,0.0575215,0.0146099,0.0345902,0.0107501,0.00951299,0.00178977,0.00921351
circle,0.731376,2.04718,4.45137,5.82386,-11.0195,-6.90275,11.2764,0.992957,0.031295,0.111101,0.0209136,0.00674117,0.00251529,0.0076304,0.00677081,0.00252334,0.0106533
circle,-0.648723,-0.755513,0.406541,-0.0299595,0.195162,-0.253605,0.56176,0.988637,0.0278282,0.0589652,0.0536972,0.0929248,0.0717678,0.0188705,0.031936,0.0159314,0.00686163
circle,0.767575,2.43351,4.3413,5.83948,11.4636,7.94582,-10.9493,0.995709,0.0135507,0.0896393,0.014578,0.00308291,0.0059786,0.00450923,0.00411453,0.00704981,0.000562653
circle,0.784073,2.91181,3.89753,5.93314,-11.0439,-7.5459,10.9618,0.998594,0.0121338,0.0420152,0.0282517,0.00338427,0.00761645,0.00194896,0.00132839,0.0044318,0.00233413
circle,0.753445,2.25569,4.45542,5.78057,-11.5174,-7.41292,10.9115,0.995838,0.0332135,0.077404,0.0192813,0.0167206,0.0148927,0.0106926,0.00674623,0.0089595,0.00993686
circle,0.782314,2.74901,4.82732,6.54676,-12.2719,-7.93921,12.6304,0.997382,0.0125361,0.0694519,0.00473605,0.00692745,0.00887841,0.00800832,0.00355988,0.00154954,0.00455741
circle,0.735475,2.07739,4.8493,6.01275,11.8371,7.76142,-11.4825,0.991393,0.00698318,0.12634,0.0152862,0.0265397,0.00249755,0.00958861,0.00598394,0.00516186,0.00556849
circle,0.77685,2.60238,4.66821,6.29845,11.9924,7.87987,-11.8853,0.996972,0.0076858,0.0736945,0.0152917,0.0133266,0.0107774,0.00265132,0.00369729,0.00291832,0.00100051
circle,0.777868,2.63916,4.6255,6.29765,-11.7702,-7.62866,-12.4132,0.996893,0.0105375,0.0763259,0.00887201,0.00567705,0.00675591,0.00645011,0.00674918,0.00336432,0.00345737
circle,0.787164,2.94657,4.34946,6.25121,12.1239,8.80454,-11.5677,0.99863,0.00608367,0.046815,0.0170032,0.00822602,0.00702523,0.00485271,0.00314854,0.00806607,0.00206363
circle,0.767694,2.43824,5.24205,6.64128,-13.0207,-7.99358,12.614,0.996176,0.0102079,0.0820314,0.0178754,0.0147102,0.0118136,0.00661802,0.00437627,0.00746609,0.00243771
circle,0.77702,2.6531,4.01742,5.73008,-10.6039,-7.05768,-12.2715,0.997779,0.0304003,0.0497279,0.0264146,0.0138192,0.0091035,0.00170355,0.000319064,0.00579406,0.00557364
circle,0.769452,2.46705,4.80889,6.23672,11.7958,7.5406,12.166,0.996422,0.00672223,0.0806175,0.00380406,0.0211328,0.00860675,0.00222088,0.0033533,0.00670315,0.00152689
circle,0.790373,3.21373,4.35343,7.43391,13.439,9.13402,13.5258,0.998924,0.00399044,0.0374619,0.0160186,0.0187001,0.00887416,0.00340833,0.00281358,0.00506009,0.00124313
circle,0.786484,2.96447,4.08498,6.07999,11.1796,7.56413,11.7223,0.99841,0.0127984,0.0511883,0.0107133,0.00946758,0.00828066,0.00407339,0.00891736,0.00146904,0.00478434
circle,0.781835,2.74511,4.45347,6.23437,-11.9587,-8.04265,-11.6197,0.997982,0.0102269,0.0584404,0.0201859,0.00371506,0.00280473,0.00345997,0.00275366,0.00683737,0.00398071
circle,0.775687,2.56958,4.756,6.33274,12.2451,8.10244,11.9212,0.996816,0.0148677,0.0771943,0.00717638,0.00572329,0.00434868,0.00194807,0.00545245,0.00507613,0.0039928
circle,0.784198,2.93144,4.16987,6.5904,-11.9709,-8.07399,13.3325,0.997984,0.0124052,0.0564389,0.00368404,0.0223064,0.0106793,0.00546719,0.00306477,0.00487812,0.00028839
circle,-0.5745,-0.367767,0.68623,0.309422,0.845831,0.940597,-1.20144,0.994596,0.00794717,0.0222071,0.0284466,0.0834002,0.0274099,0.0203768,0.0323176,0.00954154,0.0124706
circle,0.791396,3.2213,4.25455,6.51887,12.3996,8.69147,11.9291,0.999085,0.00438252,0.0359422,0.0200131,0.00735032,0.00628951,0.00385082,0.000712951,0.00163002,0.00257295
circle,-0.492565,0.393835,0.206928,1.37764,-2.17823,1.69453,2.88284,0.997267,0.0248171,0.0169834,0.0168062,0.0129122,0.0546111,0.027472,0.00770502,0.0138194,0.0108276
circle,0.768248,2.46051,4.0856,5.44319,10.3514,6.93067,10.365,0.996183,0.0202046,0.0831908,0.0103488,0.00389959,0.0044252,0.00478764,0.00858278,0.00654576,0.00307376
circle,0.74279,2.13432,5.95911,7.07612,13.627,8.19918,14.0174,0.993686,0.00748688,0.10994,0.0122561,0.00942759,0.0047489,0.0071034,0.00306512,0.0106516,0.00316968
circle,0.784597,2.8151,4.91786,6.86418,-13.2724,-9.08627,-12.7762,0.997894,0.00241702,0.0615116,0.0117668,0.0131225,0.00576487,0.00678266,0.000956694,0.00476617,0.00217262
circle,0.681334,1.75938,3.76327,4.51539,8.7079,5.62024,-8.9863,0.980451,0.0326598,0.178197,0.0498318,0.0412684,0.0234542,0.0281469,0.00778542,0.0170292,0.0039125
circle,0.796548,4.028,4.66345,7.74351,-14.4015,-10.2893,-13.9756,0.999785,0.00342243,0.0165798,0.00809574,0.00574811,0.00176492,0.00526022,0.00358413,0.000818441,0.000598133
circle,0.793988,3.4993,4.47267,6.81173,12.8249,8.79558,-12.4973,0.999396,0.00574966,0.0301057,0.0131086,0.00456187,0.00597009,0.00464125,0.00146187,0.00303918,0.00276119
circle,-0.510345,-0.084648,0.724307,2.41938,5.11774,2.5597,-3.99245,0.994909,0.0389261,0.016653,0.0575209,0.0649279,0.0256148,0.00415872,0.0112054,0.0045603,0.0044369
circle,0.776957,2.60927,4.3967,6.09647,12.7967,-8.69185,11.3433,0.997742,0.0143009,0.0623293,0.0188644,0.00384601,0.00232471,0.00390858,0.00111811,0.00455318,0.00280829
square,0.752118,2.49604,4.27175,5.57096,-10.5293,-6.82773,-10.895,0.993731,0.0278756,0.0868191,0.0142481,0.0363805,0.0498675,0.00812755,0.00330995,0.00666999,0.00696609
square,-0.748527,-0.826049,-1.20103,-0.770255,-1.22381,-0.530582,1.73631,0.986133,0.0424798,0.103152,0.0949459,0.0251279,0.0215211,0.040858,0.0240256,0.0491776,0.0179417
square,0.777052,3.15278,3.42209,5.25113,-10.1602,-6.99285,9.60388,0.99656,0.0237236,0.011753,0.0700155,0.028309,0.0109729,0.00522504,0.00966307,0.0122661,0.00849525
square,0.756781,2.74557,3.78391,4.96598,9.50117,6.47528,9.48211,0.992407,0.0155071,0.0999862,0.0523598,0.0115874,0.0300254,0.0246587,0.0203213,0.00742559,0.00613034
square,0.773984,3.3044,4.50244,6.08426,11.3908,7.89453,-11.9919,0.995364,0.0240506,0.0545144,0.0524113,0.0318465,0.0341902,0.0185855,0.00783153,0.0140025,0.0128977
square,0.770631,3.50445,3.7126,6.02745,-11.3017,8.12834,-10.9342,0.995593,0.0211793,0.0363334,0.0470965,0.0497135,0.040106,0.0231007,0.011575,0.00469905,0.00617651
square,0.762327,3.15269,5.27572,5.72469,11.36,7.36601,-11.392,0.994605,0.0515986,0.0328923,0.0454904,0.0569269,0.0199751,0.0314094,0.0154403,0.00341056,0.0083794
square,0.769083,3.53239,4.114,5.46842,10.2616,8.59636,11.2854,0.994419,0.0759025,0.0327648,0.0306774,0.0477732,0.0247123,0.0173937,0.00788574,0.00363144,0.00914176
square,0.771284,3.26584,4.16448,6.41529,11.7193,-8.38192,-12.3058,0.99446,0.0167866,0.0608663,0.0807667,0.0174065,0.00398269,0.0105405,0.00716566,0.0071981,0.00265811
square,0.778326,4.24774,3.63929,5.64767,10.373,-8.25269,10.5427,0.99536,0.0342394,0.0182018,0.0559776,0.0619967,0.0109038,0.0123238,0.0145464,0.00950543,0.0143188
square,0.693066,1.93918,4.17109,5.30271,-10.1573,-6.39225,-10.2289,0.990744,0.0570139,0.0869175,0.0513121,0.0647943,0.0242117,0.00562704,0.00492726,0.00298149,0.0118233
square,0.773757,3.71771,5.32425,6.38675,-12.7363,-8.89116,-12.2658,0.99608,0.0303034,0.0142489,0.0437387,0.0583251,0.0304592,0.0108441,0.00845149,0.0102774,0.0129042
square,0.769639,3.12358,4.27044,6.14554,-11.6332,-7.72183,-11.4236,0.994967,0.0275623,0.0700471,0.0162556,0.0202241,0.0532306,0.0250032,0.00434689,0.0118224,0.00919614
square,0.45405,1.60861,4.04629,2.31771,5.50073,-3.60293,-6.66396,0.966674,0.190123,0.0495331,0.0212735,0.0531295,0.117264,0.0673809,0.0497363,0.0471742,0.0260073
square,0.714,2.18399,2.91752,4.66082,-9.00584,-7.1083,8.46746,0.989194,0.0219591,0.0895283,0.0826053,0.064755,0.028838,0.0198656,0.00860126,0.0227178,0.0128182
square,0.759605,2.89896,4.09878,5.6943,10.6098,7.44719,-11.1298,0.993466,0.0418811,0.0838974,0.02693,0.0367662,0.0353485,0.0245688,0.0156181,0.00747377,0.00171999
square,0.757925,2.63473,3.98101,6.52373,-11.8607,-7.94202,-12.0218,0.995258,0.0351287,0.0549952,0.0271274,0.0545152,0.0280633,0.0216112,0.0117083,0.00710764,0.00726913
square,-0.708656,0.0751089,0.26996,-0.00542393,-0.22349,0.0439089,-0.349162,0.996149,0.0293582,0.023037,0.00610228,0.0225219,0.0237837,0.0537555,0.0404289,0.0220299,0.0132413
square,0.770736,3.13293,5.57531,6.79535,-12.9839,8.36611,13.8966,0.996336,0.0062996,0.0176787,0.0414556,0.0625984,0.0239886,0.0248693,0.0109678,0.000847968,0.00334147
square,0.751485,2.55979,4.72818,7.14838,-13.0996,8.429,13.7059,0.994249,0.019525,0.061995,0.0294656,0.0628106,0.0447722,0.0121201,0.00762239,0.0097863,0.0112476
square,0.704694,2.00526,3.85889,5.24263,-9.89833,-6.24711,-10.0016,0.989308,0.0500886,0.0784943,0.092896,0.0305523,0.0145322,0.045056,0.0239209,0.0113036,0.00980335
square,0.784622,3.69014,4.03417,6.1203,-11.4827,-7.96717,-11.2656,0.997714,0.0303945,0.0252831,0.0352042,0.0193632,0.0252215,0.0206026,0.0173918,0.00148493,0.00490059
square,0.730775,2.19176,3.60876,4.98351,9.33212,6.50956,9.61375,0.986016,0.081744,0.132938,0.0387901,0.0238801,0.0287043,0.0153207,0.0134851,0.00927219,0.00398814
square,0.775258,3.746,5.97681,7.57093,-14.6681,-9.63917,-14.4003,0.996493,0.0332907,0.00177083,0.0223306,0.0585031,0.0205379,0.0318097,0.00957016,0.0104297,0.0183242
square,0.765918,3.30954,4.63434,5.93631,11.8835,7.62952,-11.2322,0.995603,0.0392257,0.016951,0.0557111,0.0353192,0.0332638,0.0286797,0.016036,0.0173795,0.0104838
square,-0.615579,-0.366444,-0.279155,-0.545178,-0.387447,-0.726784,0.941007,0.987319,0.0240789,0.0973613,0.039071,0.0975325,0.0266087,0.0385601,0.033016,0.02846,0.00275278
square,0.773763,3.51086,3.81469,5.64681,10.4588,-9.44686,10.6304,0.99665,0.0208386,0.0132483,0.0422483,0.0600419,0.00495786,0.0120251,0.0165431,0.0128594,0.00894139
square,0.76778,2.83484,4.25359,6.12061,11.3186,-8.11792,11.9637,0.996103,0.0203472,0.0487728,0.0194967,0.0590422,0.029186,0.00519274,0.00391236,0.0128453,0.00778215
square,0.762487,2.70177,4.01606,5.41791,-10.4031,-6.78513,10.2095,0.995653,0.0179873,0.0500925,0.0184384,0.0673913,0.0269689,0.0105351,0.00366604,0.00919026,0.0049487
square,0.76684,2.9018,3.67052,5.75494,10.5554,-8.28788,-10.7068,0.99491,0.0306219,0.0681722,0.0332977,0.0288035,0.0410285,0.0179757,0.0152181,0.0123505,0.0155013
square,0.687345,1.84783,4.48346,5.47758,12.1575,7.57501,-10.4582,0.988913,0.0807106,0.0401483,0.104418,0.0512641,0.00961586,0.011858,0.00245867,0.011098,0.00566989
square,0.772772,4.12453,3.83844,5.86972,-11.3242,7.93448,10.7379,0.996061,0.0103617,0.0509694,0.0521672,0.0171395,0.0278021,0.0327198,0.00870265,0.00811472,0.0125147
square,0.748882,2.39531,7.56175,8.78447,17.5659,-10.2085,16.9712,0.999729,0.0205031,0.00757595,0.00286046,0.0031474,0.00322575,0.00345253,0.000947969,0.00345253,0.00322575
square,0.724084,2.11968,3.76037,5.07561,-9.59629,-6.31996,9.70555,0.992376,0.00345984,0.0880513,0.0541158,0.0603411,0.0228224,0.00472821,0.0154958,0.00505119,0.00685348
square,0.766045,2.79788,29.9975,29.9969,-30,30,30,1,0,0,0
square,0.765576,3.29412,3.74048,6.64311,11.8594,-8.29624,-12.3209,0.993522,0.0370107,0.0658489,0.0137987,0.0748572,0.0119947,0.0258544,0.0215917,0.00698795,0.00929466
square,0.742253,2.36141,3.82521,7.18727,12.6936,8.36799,-14.3482,0.993633,0.0179009,0.0900085,0.0509581,0.036959,0.0101882,0.0134424,0.0031601,0.00342488,0.00164534
square,0.759171,2.8329,4.98475,6.97995,13.028,8.91252,13.2541,0.996539,0.00251302,0.0526703,0.027978,0.0391658,0.0169585,0.0302421,0.00780366,0.0215144,0.00937106
square,0.680882,1.79575,4.6082,5.98176,11.3551,6.94735,-11.5361,0.991012,0.035859,0.0807254,0.074189,0.0315714,0.0540224,0.0184582,0.010119,0.00950566,0.0118778
square,0.757762,2.55338,4.37479,5.62157,-10.7162,-6.95274,10.8424,0.99584,0.0241949,0.0364689,0.0397333,0.0359937,0.0485105,0.0205147,0.0245427,0.00902939,0.00744938
square,0.743358,2.41523,3.84681,5.18975,-10.1057,-6.41984,9.74595,0.991024,0.0524567,0.0982012,0.0128564,0.0219368,0.0590415,0.0229439,0.02472,0.00627973,0.0128942
square,0.764613,3.97705,3.66178,5.2965,-9.88075,7.28965,-9.98362,0.995352,0.0303173,0.0179372,0.0184816,0.0799553,0.0290078,0.0147405,0.013249,0.00599382,0.00543965
square,0.768543,3.23796,4.35121,5.94938,11.1331,-8.13838,-11.5228,0.995846,0.0200833,0.0295897,0.0575161,0.0300042,0.0427363,0.0222951,0.00830002,0.0147223,0.0139215
square,-0.707743,0.692473,-1.11504,1.42719,-1.62682,2.24959,1.95352,0.994593,0.00755811,0.00729229,0.0301683,0.0295022,0.0608462,0.0452437,0.0211477,0.0204401,0.0477448
square,0.765428,2.84628,4.19241,6.2717,-11.5771,7.6976,-11.775,0.99366,0.0362223,0.0677776,0.051635,0.0518034,0.0295595,0.00545045,0.0117758,0.00664856,0.0172617
square,0.773462,3.39599,5.05099,6.71468,12.5982,8.90048,13.8618,0.994698,0.0415529,0.0511352,0.0500781,0.0430688,0.0297862,0.0181611,0.0232106,0.00982428,0.00438275
square,-0.518351,1.10819,0.132757,0.607486,1.1331,-1.20175,1.12326,0.996094,0.0144069,0.0332948,0.0315673,0.0186472,0.0110504,0.0426233,0.0467816,0.0296144,0.0114861
square,0.69131,1.86306,5.08666,5.78763,11.2268,6.74943,-12.239,0.988368,0.0181278,0.118533,0.0344288,0.0840357,0.0113946,0.0144403,0.00888369,0.00681502,0.006277
square,-0.481994,0.332558,0.299099,0.883239,1.75867,1.05874,1.54277,0.992668,0.0593708,0.0445038,0.054368,0.0209556,0.0308223,0.0147657,0.0304184,0.0541968,0.0260529
square,-0.661792,-0.152149,-0.874855,-0.0834213,-0.559679,-0.0841675,0.377495,0.995986,0.0203352,0.0401499,0.0323271,0.0352609,0.00942204,0.0261375,0.0218724,0.037583,0.0321654
square,0.737255,2.33321,3.59401,6.51315,11.9401,7.78925,11.6096,0.991852,0.0389661,0.0896755,0.0623273,0.0440203,0.0116486,0.0233661,0.007146,0.00746802,0.00771441
square,-0.553975,0.0702236,0.584065,1.30559,3.20573,-1.34074,-2.2531,0.995999,0.0107462,0.0140639,0.0278677,0.0212881,0.0197298,0.0150485,0.0218147,0.0724204,0.010371
square,0.760727,2.59369,4.20735,5.75528,-10.7727,-7.19305,-11.1443,0.995676,0.0195137,0.0506635,0.0173566,0.0604429,0.0330296,0.0134637,0.0177665,0.0105143,0.00532397
square,0.775726,3.1953,4.65021,6.51335,-12.1568,-8.1167,-12.3986,0.996917,0.0134931,0.0234212,0.0366569,0.0321057,0.0433051,0.00968417,0.0309323,0.0106639,0.00344022
square,-0.643961,-0.0383078,-0.339572,0.429784,0.50922,1.22551,-0.892365,0.99546,0.0148192,0.0272621,0.0310148,0.00474117,0.0293881,0.0241748,0.0379331,0.0478714,0.0439632
square,0.730627,2.23646,4.78687,5.71096,11.5766,7.73958,-10.9729,0.992259,0.0255941,0.0932954,0.0240587,0.06773,0.0130287,0.0197636,0.0100388,0.0124399,0.00896044
square,0.754733,2.51216,4.0656,4.87928,9.42596,6.23378,9.62084,0.994206,0.0287604,0.0745631,0.0285162,0.0615537,0.0136183,0.0146928,0.00901893,0.00349923,0.00846469
square,0.766415,2.79304,4.56088,5.94825,11.8575,-7.52819,11.2137,0.994692,0.0292201,0.0618276,0.0436572,0.0541591,0.0197337,0.0243728,0.00866906,0.000633796,0.00351424
square,0.737754,2.32376,3.96733,5.26176,-9.98642,-6.49973,-10.0765,0.99284,0.0155637,0.0685867,0.0296015,0.0856708,0.0118633,0.0210507,0.00802992,0.0148949,0.015365
square,0.770165,3.46743,4.52179,6.52483,12.0991,8.57958,-12.3877,0.995824,0.0110153,0.0339387,0.0621852,0.0439462,0.0248015,0.020395,0.00116564,0.0134329,0.00709662
square,0.67411,1.86781,3.69495,4.42893,-8.51453,-5.44769,8.98394,0.984364,0.0910887,0.0786234,0.11201,0.018679,0.036523,0.0408446,0.0172537,0.0129092,0.0136436
square,0.71882,2.05715,4.2967,5.407,-10.331,-6.45713,-10.5331,0.992627,0.0362492,0.0753764,0.0592708,0.0236085,0.0454753,0.0289137,0.00615218,0.0165745,0.0202427
square,0.756078,2.90775,3.99675,5.90481,10.9096,7.67749,-11.184,0.994942,0.0113674,0.0247209,0.0635661,0.0533934,0.0388696,0.0236435,0.0172537,0.00689217,0.00664391
square,-0.52651,0.300917,0.418894,0.899373,-1.70353,1.37638,1.71466,0.995156,0.023069,0.0163936,0.00406841,0.0140912,0.0330995,0.0213714,0.0309261,0.0709617,0.0332146
square,-0.632389,-0.101377,0.752667,0.594952,-1.27536,0.736553,-2.03087,0.992072,0.0345401,0.0548654,0.0141507,0.101016,0.0209264,0.0107796,0.0113257,0.00749515,0.0211369
square,-0.531805,-0.286559,0.793687,0.431136,-1.89497,1.07694,1.04789,0.993579,0.0451103,0.0542837,0.0162172,0.0273961,0.0442129,0.0494812,0.00844485,0.0355518,0.032665
square,0.756486,2.54999,4.59461,5.85647,11.203,-8.10336,11.2667,0.996502,0.0138166,0.0419637,0.0460552,0.0322222,0.0284903,0.0170905,0.0222745,0.0102274,0.0129538
square,0.769494,2.78232,5.94228,6.80622,13.4581,-9.46096,-13.2513,0.994033,0.0240023,0.0796354,0.037746,0.0454794,0.0139876,0.0234389,0.01439,0.0216356,0.00816554
square,0.75296,2.66681,4.46386,6.55699,-12.1912,-7.90874,-12.2484,0.994193,0.0166517,0.0645807,0.0417497,0.0566032,0.0367476,0.0104299,0.0164904,0.0184099,0.0107562
square,0.742926,2.34171,4.76377,5.8858,11.3043,7.40556,11.4383,0.993813,0.0221087,0.0433361,0.0608054,0.0512426,0.0526678,0.0200484,0.0158374,0.0135845,0.00595825
square,-0.293895,2.21026,1.01142,1.61504,3.05338,2.72293,-3.10755,0.995164,0.0291027,0.00305842,0.0373218,0.0238265,0.0304541,0.0185034,0.0381252,0.0445875,0.0460366
square,0.763743,2.85183,3.8629,5.28832,-10.7207,-7.05079,9.86818,0.993584,0.0328839,0.0805278,0.0412707,0.0289173,0.0440176,0.0177808,0.0187464,0.00842607,0.00313128
square,0.764471,2.76764,6.06899,7.66554,14.6207,9.21792,14.7716,0.998907,0.0304151,0.0200401,0.0168917,0.00229672,0.0145201,0.00945367,0.0093795,0.0130574,0.00292969
square,0.739634,2.24024,3.92682,5.58958,-10.8204,-7.664,10.3739,0.991413,0.040112,0.103059,0.0304303,0.0478989,0.0291569,0.0189134,0.0182381,0.0098068,0.00352768
square,-0.608471,0.659843,-0.326724,1.14291,-1.61916,-1.49067,-1.83579,0.996664,0.0201945,0.0252004,0.00718249,0.0332423,0.0124401,0.0355356,0.0148802,0.0440483,0.0296867
square,0.774938,4.34858,4.38153,6.0234,-11.3096,8.21198,11.4734,0.997027,0.00775614,0.0240533,0.0267922,0.0511165,0.0404972,0.01544,0.00740552,0.00593452,0.000179325
square,0.778156,3.36629,4.12446,5.39246,-10.2956,7.13663,-10.3074,0.99751,0.0243396,0.0162547,0.0152168,0.0328959,0.0428729,0.027207,0.0120248,0.00877833,0.00207392
square,0.777422,3.8899,4.78343,6.44282,12.5011,-8.50964,-12.0859,0.996463,0.00587194,0.0339376,0.0471557,0.0303385,0.0456026,0.0226509,0.0067089,0.00907628,0.00334004
square,0.755357,2.5947,3.928,5.90162,-11.6123,-8.17094,10.8221,0.994627,0.0301642,0.0576003,0.0438527,0.0381055,0.0400762,0.0301436,0.00801294,0.0227615,0.00410521
square,0.767911,3.82003,3.77777,5.6009,-10.2906,7.62601,-11.6728,0.995699,0.0372402,0.0201098,0.00583576,0.074875,0.00820753,0.0157563,0.0131607,0.0225868,0.0124061
square,0.717017,2.08355,4.05343,5.47016,-11.0444,7.39567,10.2372,0.991038,0.0535637,0.0918072,0.0387728,0.0530781,0.0332298,0.0257634,0.0148585,0.0133649,0.00767473
square,0.774697,3.80319,4.47233,6.26361,11.8007,8.81017,-11.765,0.995689,0.0187204,0.0344663,0.0674885,0.0345899,0.0263315,0.0179678,0.0133757,0.008752,0.00656832
square,0.711595,2.41927,4.08994,5.01496,-9.58411,6.2702,10.1327,0.993144,0.0591059,0.0396351,0.0297649,0.0421705,0.0368848,0.0280911,0.0365158,0.02513,0.042683
square,0.713082,2.00893,4.78955,6.29891,11.9569,7.40944,12.0379,0.993888,0.0427854,0.0710913,0.0256679,0.0580864,0.0114152,0.0205592,0.0181745,0.00627433,0.01864
square,0.763903,2.92966,4.36143,6.80526,12.4056,-8.41054,-12.95,0.996285,0.0111895,0.0349745,0.0185781,0.0694222,0.0182103,0.0176359,0.0104854,0.00711013,0.00998192
square,0.755626,2.72962,4.01077,5.39449,10.1148,7.01083,10.6506,0.994786,0.0167678,0.031351,0.0738158,0.0407191,0.0384241,0.0104244,0.00272407,0.0195645,0.00734497
square,-0.829975,-0.571128,-0.238904,-0.439044,0.774896,0.724507,0.144733,0.99381,0.0461547,0.0158317,0.0405482,0.0123097,0.0571687,0.0522609,0.0286591,0.0290462,0.0223529
square,0.777291,3.23423,4.52445,6.01007,-11.2929,-7.62796,11.857,0.996818,0.0350392,0.0311382,0.00660216,0.0586929,0.024237,0.0038303,0.00504706,0.00373391,0.00513517
square,-0.525343,-0.293884,0.513158,0.513198,-3.00675,0.475303,1.0264,0.987964,0.0733249,0.0163204,0.0295669,0.0451942,0.0943383,0.0580374,0.0274054,0.0297612,0.0382366
square,-0.555604,0.625635,-0.198592,1.07217,-2.01849,1.60877,-1.53081,0.995078,0.0276111,0.0264003,0.00196232,0.0616886,0.036001,0.0156906,0.0521541,0.0134773,0.0103985
square,0.761608,2.64264,4.31185,6.04756,12.2992,-7.49521,-11.2288,0.995091,0.00553884,0.0535354,0.037833,0.0641219,0.0190525,0.0276382,0.00788357,0.00779443,0.010181
square,-0.3692,0.394482,0.147898,0.729238,-1.68959,0.989928,-1.18839,0.992938,0.0543571,0.0467553,0.020462,0.00553929,0.0789303,0.00304108,0.0135705,0.0441157,0.0106747
square,0.775443,3.56955,3.56279,5.0791,9.57157,7.02856,-9.5314,0.994739,0.038174,0.0510278,0.0687114,0.0276575,0.0225723,0.0122802,0.0119724,0.0103193,0.00604434
square,0.754732,2.70338,4.36323,6.12701,11.4403,8.97996,11.6568,0.993362,0.0385113,0.0701647,0.0284571,0.0705351,0.016439,0.0166246,0.0140776,0.0170752,0.00197946
square,0.734159,2.20931,3.88054,5.20365,-9.78019,-6.30869,10.1625,0.994329,0.00877648,0.0656329,0.0522746,0.0388763,0.0435432,0.00796671,0.0114542,0.0233594,0.00670309
square,0.772895,3.34772,3.54428,5.14979,9.83201,6.84463,9.549,0.995098,0.0297065,0.0639263,0.0560248,0.0331412,0.0120424,0.0081354,0.0124249,0.0128612,0.00656142
square,0.716967,2.09027,4.3099,5.54672,-10.4847,-6.70734,-11.1552,0.990656,0.0141616,0.0900848,0.0661003,0.0688827,0.0309613,0.00914498,0.0070624,0.00640023,0.00621323
square,0.756778,2.6145,5.9361,7.65965,-14.6552,10.4337,-14.5693,0.99489,0.0287865,0.0388508,0.0368582,0.0656447,0.0366752,0.0186068,0.0162895,0.00944098,0.0119621
square,-0.495398,0.522796,-0.255949,1.14793,-1.67574,1.44605,-1.84549,0.995459,0.0408291,0.0371944,0.00210725,0.0181816,0.00640949,0.0311716,0.00621862,0.0659074,0.0167642
square,-0.527174,0.738151,1.05223,0.692128,1.67836,-1.51488,-1.75867,0.996498,0.0133858,0.0336794,0.0254998,0.0110936,0.0429101,0.0362897,0.0375286,0.0173509,0.00613702
square,0.754394,2.49004,5.967,6.71803,-13.3169,-8.36473,-13.1402,0.994534,0.0230704,0.0598587,0.0452051,0.0457631,0.0412844,0.0273124,0.0121544,0.00471992,0.0054164
square,0.761466,3.00554,5.81482,5.67884,12.105,-7.18991,-11.4354,0.993883,0.00667411,0.0108643,0.0872766,0.0497321,0.0225809,0.0341219,0.013569,0.004856,0.00778584
square,0.638953,1.60879,3.6456,4.79225,9.30157,5.84056,-9.07732,0.978005,0.110342,0.143151,0.0622143,0.0707922,0.00559074,0.0222208,0.0239511,0.0266072,0.0122631
square,0.75346,2.57362,4.13331,5.84087,10.8495,7.13046,11.3408,0.995102,0.0401178,0.0497938,0.0545237,0.0235062,0.0267469,0.0263337,0.0155747,0.0147113,0.0170376
square,0.664716,1.83502,3.43097,5.15178,-9.44347,-6.76762,-10.8633,0.985205,0.0479253,0.0531942,0.148823,0.0183026,0.0140531,0.0251145,0.0198752,0.0200825,0.0115821
square,0.760093,2.65093,4.73658,6.23731,11.9576,-9.36324,-11.815,0.995541,0.00319912,0.0210154,0.0523343,0.0297657,0.0621711,0.0176535,0.0164563,0.0174927,0.00819504
square,-0.591351,-0.112443,-0.330848,0.0550379,0.0560191,-0.0696867,-0.38434,0.990978,0.0198212,0.0225569,0.108309,0.0345602,0.0310563,0.00869339,0.0539905,0.0063938,0.0118006
square,0.763796,2.98992,5.30425,6.66359,12.7522,8.50507,-12.8562,0.996252,0.0161634,0.0346384,0.0296923,0.0630241,0.0187701,0.0239388,0.00917595,0.0112389,0.00563518
square,0.756643,3.43327,3.47431,5.24857,10.144,-7.13761,9.62941,0.994388,0.0335203,0.00392321,0.0635055,0.0580868,0.0250167,0.0439936,0.0081465,0.00251474,0.0034593
square,0.770625,3.14621,4.06632,5.76259,-10.6931,-7.33812,11.2508,0.997035,0.00569935,0.0221451,0.0343435,0.0481958,0.0397293,0.00321748,0.0137564,0.000290374,0.0108842
square,-0.666306,-0.000286174,-0.109235,1.79109,-3.14273,-2.24445,2.65373,0.995123,0.0180114,0.0264206,0.0531692,0.0613776,0.0344011,0.0112618,0.0127775,0.0106297,0.0229661
square,0.75632,2.8847,4.38397,6.85913,13.0579,-8.35965,-12.4965,0.994562,0.0096839,0.05988,0.0199229,0.0721542,0.0218124,0.0215011,0.0101305,0.0180879,0.014
square,0.45588,1.03094,3.06439,3.54403,6.88053,4.172,7.27806,0.960431,0.0833493,0.23908,0.0953902,0.0490243,0.0321877,0.0157846,0.0198517,0.0120836,0.0117837
square,0.748661,2.66089,3.8716,5.16486,9.68309,7.28987,11.981,0.990565,0.0423146,0.105795,0.0253309,0.0166429,0.0627059,0.017007,0.0176195,0.0165854,0.00855708
square,0.770888,3.07799,5.63203,6.65403,12.8625,8.47639,-13.0894,0.995444,0.0209326,0.0448298,0.0244925,0.070112,0.0228176,0.0122575,0.0168315,0.00685431,0.0112814
square,-0.764523,0.65557,-0.195231,-0.905797,1.44859,-0.186829,-0.727896,0.990216,0.0719821,0.0965151,0.00590809,0.0473741,0.021083,0.0363387,0.0244927,0.00944273,0.0155668
square,0.774571,3.48221,4.2113,5.85575,-10.8896,-7.6613,-12.3369,0.997001,0.0134785,0.0124467,0.0356898,0.0411464,0.0422133,0.0112646,0.0221341,0.0117002,0.0122826
square,0.542042,1.29729,3.19407,3.88208,7.47419,4.65439,-7.74863,0.983684,0.0312756,0.118722,0.0525454,0.0901981,0.0641819,0.0273713,0.0334743,0.00608109,0.0192445
square,0.784488,3.6672,4.21442,5.52671,10.7066,7.9051,-10.457,0.997685,0.0198171,0.0268472,0.0258088,0.048874,0.0112324,0.0106836,0.0109624,0.00359869,0.00907756
square,0.691096,1.89893,3.50455,4.73756,8.86761,5.70022,9.55453,0.986096,0.0859701,0.100328,0.0658155,0.0520386,0.038241,0.0344498,0.020615,0.00621185,0.00256814
square,0.704095,1.96779,3.69973,4.96671,9.30304,5.97167,-10.2239,0.987639,0.0610047,0.109751,0.053888,0.0526542,0.0443144,0.0243651,0.0213979,0.00889519,0.00563148
square,0.755248,2.48692,4.87665,6.83669,-12.6941,-8.31275,-13.9274,0.997485,0.0300611,0.0224362,0.0417992,0.0387462,0.00139179,0.0146332,0.00948945,0.00677615,0.00409541
square,-0.614017,0.0907941,0.963681,0.0303765,0.537553,0.0840776,1.19765,0.994489,0.0485764,0.0526864,0.000203303,0.00892282,0.0153774,0.00882392,0.0249414,0.0654858,0.0234735
square,0.75828,2.56948,4.34159,5.66865,11.0532,7.21068,-10.7153,0.995306,0.0209737,0.0469803,0.0531356,0.0364145,0.0457559,0.0106001,0.00817082,0.00208116,0.0170972
square,0.741445,2.35113,4.78664,5.90267,11.3687,7.49185,-11.4315,0.993229,0.0176284,0.0705059,0.0185006,0.0823277,0.0256118,0.0139608,0.0116752,0.00865932,0.00563374
square,0.765246,2.74548,4.67412,6.22098,-11.7098,-7.59852,12.0495,0.995395,0.0057398,0.0524083,0.0110273,0.0722698,0.0189236,0.00351795,0.0218643,0.0101485,0.0106084
square,0.778656,3.28153,5.28633,6.98336,-13.1188,-8.6242,-14.419,0.997926,0.00816822,0.0249194,0.0289937,0.0411811,0.0138104,0.0142873,0.017267,0.01362,0.00635326
square,0.744356,2.54326,4.68551,5.85069,-11.2206,-7.6573,-11.3322,0.99333,0.0516088,0.0678575,0.0241238,0.0558877,0.0459104,0.00675624,0.00559494,0.00796574,0.00861347
square,0.721245,2.1416,3.61092,5.1614,-9.54793,-6.28821,-10.9356,0.993142,0.0306546,0.0719596,0.0221942,0.0631388,0.0256743,0.0355875,0.0177037,0.0215072,0.0192448
triangle,0.607148,1.72525,1.92943,2.5625,4.80857,3.42547,-6.47011,0.956882,0.13408,0.247804,0.0491479,0.0376854,0.0266659,0.0103536,0.0125968,0.00825902,0.0105488
triangle,0.64855,2.29516,2.00469,3.25229,6.24732,4.8238,5.92517,0.972023,0.0726525,0.211659,0.0438201,0.0328244,0.0377079,0.0036634,0.0214282,0.00926485,0.0107439
triangle,0.718208,3.23916,2.38738,4.88219,8.51773,6.50954,9.74502,0.987901,0.00920632,0.100253,0.0909925,0.0435571,0.0519616,0.0271593,0.0126759,0.00614713,0.0102092
triangle,0.683238,2.28664,2.26996,3.71137,6.72809,4.88305,-7.17541,0.980272,0.033633,0.17795,0.0515259,0.0198288,0.0386584,0.0208347,0.0282234,0.0160567,0.0154486
triangle,-0.63971,0.467417,-1.5229,0.731376,0.416078,1.16331,-0.590178,0.991015,0.0586097,0.0267013,0.0421846,0.0815514,0.0178881,0.0461243,0.0517396,0.00614524,0.0121804
triangle,0.704407,2.8109,2.35348,5.15669,8.91772,6.60069,-9.69598,0.986276,0.0205843,0.10703,0.106281,0.0323064,0.0471872,0.0037021,0.016556,0.0184651,0.0136609
triangle,0.699893,2.58906,2.31627,4.08938,7.5466,5.58185,7.37274,0.984091,0.0521671,0.157786,0.0239772,0.0174867,0.0397635,0.0232704,0.0249598,0.0130336,0.0122895
triangle,0.775309,3.42245,6.62768,8.83485,-16.9194,-10.5993,16.6136,0.998446,0.0503222,0.0167804,0.011902,0.0058123,0.00360209,0.00207921,0.00532425,0.0069356,0.0048234
triangle,0.675195,2.19435,2.24252,3.64289,7.01854,5.38434,6.61739,0.979579,0.0538925,0.177051,0.0493079,0.028733,0.041875,0.0206862,0.0209592,0.0160225,0.00627882
triangle,-0.322762,0.306152,-0.629909,1.00157,-1.40826,-1.15481,-1.28487,0.979617,0.0561076,0.0369324,0.0677647,0.135179,0.0358807,0.0817501,0.0644029,0.019087,0.0221566
triangle,0.744356,3.73737,2.65372,4.86371,-9.0012,-6.733,8.66413,0.993795,0.0268282,0.064899,0.0662105,0.0477779,0.015958,0.00249459,0.0211159,0.00626815,0.00523023
triangle,0.717472,2.52847,2.49499,4.17796,-8.62358,-5.86059,7.51575,0.986674,0.0357099,0.132532,0.0494399,0.0456689,0.0348619,0.0317904,0.0261328,0.00672121,0.0122828
triangle,0.571414,1.44179,2.25655,2.92166,5.54052,3.69352,-5.95704,0.970586,0.108292,0.202645,0.0452795,0.0480534,0.00851236,0.0231858,0.00816126,0.0112666,0.00275073
triangle,0.773782,3.2483,29.9994,29.9987,-30,30,-30,1,0,0,0
triangle,0.715116,3.40011,2.36311,5.2018,-9.47867,-6.90187,9.00776,0.986416,0.0490047,0.11522,0.081191,0.0457825,0.0391057,0.0254261,0.0159235,0.00711757,0.0117841
triangle,-0.450358,0.829864,-1.05822,1.04511,-1.2801,-2.73158,-1.12512,0.986565,0.0798581,0.0398753,0.0251388,0.0299181,0.0944188,0.0523754,0.0471076,0.0386844,0.042679
triangle,0.675267,2.44858,2.15919,3.68311,6.64242,5.06059,-7.00059,0.979934,0.038454,0.150756,0.0926815,0.0570842,0.0472666,0.0310916,0.00740918,0.0115422,0.0169237
triangle,0.706201,2.47292,2.38862,3.93342,7.24955,5.37014,-7.24045,0.983997,0.0460113,0.162717,0.0262285,0.0164931,0.0240271,0.0192503,0.0243971,0.017665,0.0184547
triangle,0.755513,2.85031,2.8861,5.24471,-9.32854,-6.67013,-9.85488,0.993332,0.0631606,0.0797211,0.0140673,0.0196943,0.0326958,0.0193295,0.0227781,0.0162271,0.0116589
triangle,0.656445,2.64673,1.99866,3.50123,6.25307,4.82473,-7.28196,0.977306,0.0330176,0.159808,0.10603,0.0190187,0.0669269,0.0152029,0.0391345,0.00803109,0.0182757
triangle,0.670819,4.23529,2.06098,5.25826,-9.15288,-8.1549,9.00772,0.980541,0.0225671,0.115452,0.124254,0.0481128,0.0725836,0.0254107,0.0298309,0.00464493,0.0109823
triangle,0.698705,2.71752,2.27937,4.04511,7.48436,5.72592,7.27845,0.983098,0.00653711,0.132933,0.0976284,0.0377353,0.0609327,0.0211285,0.0256561,0.0030402,0.0047069
triangle,0.675136,2.07316,2.32338,3.70372,7.70262,6.1117,6.7196,0.977112,0.0940709,0.17103,0.0420161,0.0519567,0.0462605,0.0147911,0.0118022,0.0134958,0.0027437
triangle,0.661229,2.22029,2.12793,3.58035,6.76127,5.12738,6.48902,0.979363,0.0584519,0.159159,0.0623713,0.0751833,0.0405556,0.0254827,0.00734678,0.0135817,0.00487828
triangle,0.601769,1.60969,2.07721,2.72395,5.12457,3.529,-7.00201,0.967171,0.105152,0.208606,0.0725565,0.0477969,0.0325904,0.033376,0.0029695,0.0114529,0.011878
triangle,0.714183,2.3838,2.51348,4.17257,-7.52583,-5.37942,-8.18393,0.989573,0.019198,0.0745582,0.110868,0.0307525,0.0299759,0.0164119,0.0119957,0.0162371,0.00225641
triangle,0.730557,2.86908,2.53858,4.80136,-9.0434,-6.8597,8.4875,0.989573,0.00388655,0.083507,0.0909352,0.0279228,0.0513613,0.0344445,0.0212455,0.0204542,0.00360965
triangle,0.645898,1.88036,2.23412,3.36325,6.20029,4.38528,6.55731,0.973991,0.125389,0.161424,0.0500325,0.0463323,0.051002,0.0375818,0.0197814,0.0169186,0.0148394
triangle,0.663696,2.03902,2.2056,3.21153,5.93116,4.25251,6.57196,0.974941,0.0869718,0.191928,0.0406589,0.0428979,0.00940493,0.0203339,0.0248233,0.00942828,0.0197083
triangle,0.715455,2.77768,2.40377,4.23202,7.58189,5.63852,-7.98175,0.985529,0.0397444,0.154623,0.0266822,0.00635843,0.030442,0.0153039,0.0250896,0.0174429,0.0199375
triangle,-0.694429,0.0701714,-1.99119,-0.997075,2.45943,0.948235,2.05819,0.978101,0.0400529,0.165199,0.0188509,0.0966006,0.0486954,0.00773125,0.0407919,0.0248364,0.00499475
triangle,0.706885,2.1418,2.71674,4.18919,7.64232,5.26917,9.19439,0.986662,0.0451903,0.127941,0.0498286,0.0709706,0.0229281,0.0029491,0.00324739,0.001417,0.00453036
triangle,0.680819,2.52684,2.20038,4.18231,-8.42651,-5.98551,7.37536,0.983939,0.0462378,0.0995942,0.118309,0.058121,0.0197499,0.0307724,0.0251288,0.0131762,0.0170562
triangle,0.650722,1.89816,2.2433,3.30004,6.07467,4.25095,-7.00566,0.977973,0.0335856,0.178709,0.0814292,0.0425012,0.0362529,0.0212618,0.00684132,0.00604999,0.0147272
triangle,0.68454,2.54204,2.20184,3.76221,6.94064,5.30041,6.85688,0.982168,0.0398214,0.156789,0.0671733,0.0250908,0.0477742,0.0183157,0.0326034,0.010897,0.0153408
triangle,0.710457,2.63381,2.38859,4.13071,-7.85941,-5.89899,7.41697,0.9859,0.0132621,0.102338,0.123211,0.0354584,0.0269713,0.00815137,0.000914923,0.0107936,0.00145394
triangle,0.693714,2.29041,2.36071,3.85589,7.10156,5.24902,-7.12871,0.982274,0.069126,0.159062,0.0333321,0.0394395,0.0223273,0.0314542,0.0230277,0.0137931,0.0135824
triangle,0.623279,1.9981,2.3173,4.25602,-8.26487,6.22684,7.55062,0.985736,0.0521515,0.068004,0.0344991,0.0679801,0.0150904,0.117731,0.0271148,0.012503,0.01375
triangle,0.717821,3.28985,2.38102,4.92535,-8.58103,-6.59119,9.54888,0.988038,0.0337267,0.0908499,0.10059,0.0412467,0.0415518,0.0237029,0.0120335,0.00966411,0.00653214
triangle,0.659962,2.04637,2.19155,3.32804,6.09991,4.37549,-6.72127,0.976315,0.0771991,0.187515,0.0476505,0.0218814,0.0356844,0.0197475,0.0239486,0.0208133,0.0163427
triangle,0.727993,3.13885,2.49392,4.78423,8.55415,-7.46461,-8.59546,0.987912,0.0509117,0.0858166,0.0842873,0.06591,0.0152712,0.0420021,0.0200615,0.0145786,0.00355123
triangle,0.694206,2.19642,2.42538,3.73257,6.81271,4.83091,-7.94674,0.983307,0.0660294,0.152614,0.0424271,0.0353506,0.0402741,0.017625,0.0172357,0.01248,0.00462493
triangle,0.713677,3.15506,2.36312,4.37685,8.21713,6.0756,7.77328,0.986966,0.0159933,0.121537,0.0695816,0.0240286,0.0586291,0.0316977,0.0250829,0.0140722,0.0135273
triangle,0.701533,2.63561,2.33088,4.17005,7.43842,5.67645,7.97132,0.984377,0.0126223,0.125768,0.107131,0.0166805,0.0452764,0.0186341,0.0288681,0.00570323,0.00262671
triangle,0.640147,1.89513,2.14553,3.19467,5.8653,4.14243,7.16677,0.975279,0.0221883,0.190848,0.0759442,0.0686411,0.0236385,0.0254473,0.00644198,0.0104847,0.00884424
triangle,0.732524,2.8704,2.56476,4.83364,8.87314,6.49044,-8.58365,0.991274,0.0104913,0.0300881,0.120527,0.0310036,0.0229606,0.00699754,0.0118118,0.00763527,0.00996733
triangle,0.703498,2.7316,2.33807,4.64423,9.28164,6.39446,8.1365,0.988277,0.0269687,0.0466732,0.117193,0.0682175,0.0273213,0.0266353,0.0113688,0.013549,0.0157012
triangle,0.700898,3.40527,2.25285,4.90908,-8.64974,-6.64201,8.63175,0.987592,0.0212546,0.0900669,0.0977348,0.0578947,0.0519265,0.0182257,0.00969336,0.00793681,0.00296556
triangle,0.704499,2.61018,2.34996,4.32456,-8.00136,-5.88105,7.71284,0.984845,0.0194581,0.160619,0.0391248,0.0098687,0.0280068,0.0155808,0.0231462,0.0207968,0.0167215
triangle,0.633158,2.77103,1.88822,3.38493,6.19509,4.94794,-6.15116,0.973498,0.0167208,0.176332,0.114283,0.04939,0.0647243,0.0203292,0.0209618,0.0172714,0.00939369
triangle,0.715259,2.64372,2.4553,4.34726,-8.24388,-6.81688,7.77194,0.988258,0.0222425,0.0739017,0.122659,0.0290407,0.030333,0.00661464,0.0209164,0.00966194,0.00263515
triangle,0.669088,1.98053,2.34817,3.45137,6.40083,4.49816,-6.69576,0.982236,0.0253435,0.148943,0.0826811,0.0515017,0.0220439,0.0440369,0.0112684,0.0147095,0.0113715
triangle,0.685182,2.45689,2.24141,3.82462,6.9197,5.13195,-7.15988,0.982007,0.0082134,0.126634,0.118044,0.0626081,0.0300568,0.0239214,0.0114986,0.00159886,0.00965525
triangle,0.707348,2.40376,2.42513,3.94173,-7.92422,-5.70144,7.13071,0.984199,0.0178695,0.13596,0.0966419,0.0390256,0.0370172,0.00428024,0.0121091,0.00460963,0.0113727
triangle,0.663197,2.02792,2.24039,3.51388,6.68171,5.03536,6.45704,0.976611,0.0745994,0.182858,0.0612113,0.0235213,0.0423326,0.00972511,0.0180253,0.0226945,0.0142469
triangle,0.629403,2.19076,1.90962,3.11828,5.74034,4.42942,5.83548,0.97104,0.0578046,0.206051,0.0518143,0.0527831,0.051778,0.03094,0.0331735,0.0213255,0.0248616
triangle,0.634152,1.84131,2.18317,3.3571,6.14367,4.28603,-6.69576,0.975484,0.0618439,0.186862,0.0841708,0.0362598,0.0261026,0.0146619,0.0173639,0.00762563,0.0058153
triangle,-0.339608,-0.256749,-0.285041,1.19038,-1.69017,1.08201,1.99793,0.963098,0.0945384,0.103637,0.0545203,0.15169,0.116781,0.0802268,0.0174414,0.0690957,0.0403637
triangle,0.711924,2.542,2.43295,4.15729,7.57641,5.55955,7.63312,0.983618,0.0465124,0.15734,0.0443599,0.0252966,0.0442329,0.0212277,0.0179568,0.0148453,0.00427885
triangle,-0.519912,0.509557,-1.31943,-0.0994889,0.0223402,1.04518,-0.803066,0.976533,0.0619247,0.122024,0.0273933,0.148396,0.0100172,0.0517903,0.03939,0.00650109,0.0225908
triangle,-0.389494,0.71306,-0.821472,0.783662,-0.810303,1.76697,1.12629,0.974132,0.127056,0.0845801,0.0793674,0.0676977,0.0520491,0.0291418,0.0521538,0.071253,0.0743821
triangle,0.679907,3.52606,2.1169,4.69335,-9.38184,6.97672,-8.09907,0.979176,0.033996,0.171379,0.0520011,0.048939,0.0442109,0.0380413,0.0271852,0.0329308,0.0190802
triangle,0.690778,2.8911,2.21937,4.38384,7.81686,6.14728,-7.8569,0.984633,0.0605461,0.0378517,0.13634,0.0680914,0.0254308,0.0203357,0.0151961,0.0247794,0.0163879
triangle,0.701475,2.19248,2.50124,3.91161,7.46066,5.51668,7.16824,0.983729,0.0717574,0.156359,0.0261207,0.0241472,0.0114964,0.0218428,0.0233232,0.00969719,0.0129363
triangle,0.646939,2.03836,2.09638,3.51909,-6.32696,-4.5383,7.94773,0.972004,0.00998155,0.209432,0.0598241,0.0808942,0.0183337,0.00792429,0.0240625,0.0117147,0.00290521
triangle,0.654257,2.38732,2.02167,3.37765,6.24095,4.83839,6.21545,0.971274,0.125972,0.189247,0.0210248,0.0571124,0.00648518,0.027782,0.00643938,0.018518,0.00641317
triangle,0.739668,3.03027,2.62296,4.9864,-8.9611,-7.48214,-8.92371,0.990182,0.0299853,0.13115,0.0196822,0.0244628,0.018152,0.00438509,0.00910206,0.0035508,0.00321759
triangle,0.699362,2.54487,2.33669,4.38333,-7.82353,-5.79346,-7.99854,0.984395,0.0208898,0.155206,0.0476997,0.0134191,0.0413701,0.02289,0.0273029,0.0270849,0.0164444
triangle,0.634026,1.92246,2.09334,3.28111,6.00284,4.31806,-6.3848,0.976317,0.0619773,0.184652,0.0632144,0.0495654,0.0340313,0.0281689,0.00628355,0.0182006,0.00964807
triangle,0.725335,2.82487,2.50575,5.01233,-9.49668,-7.20386,-8.7792,0.989558,0.0247576,0.134625,0.0205949,0.0128588,0.0228691,0.00374155,0.0222588,0.00737003,0.0190242
triangle,-0.544546,-0.766042,-0.183826,-0.9435,-1.41273,-1.30675,1.28084,0.952589,0.0443811,0.260302,0.0867686,0.0318533,0.0835375,0.0714896,0.0198364,0.0264922,0.0334488
triangle,0.778908,5.36982,6.35026,7.629,15.389,10.7285,14.625,0.999567,0.0254285,0.010348,0.00799282,0.00395959,0.00326773,0.00131148,0.0028745,0.00110939,0.00326973
triangle,0.66194,1.93531,2.31564,3.24799,6.03187,4.2511,7.04198,0.983154,0.0977986,0.0990338,0.0477587,0.0476942,0.0758106,0.0379208,0.0364331,0.0205287,0.0233558
triangle,0.668309,2.13158,2.19144,3.2885,6.03686,4.36718,-6.7391,0.977473,0.0811479,0.187976,0.0286567,0.0178279,0.023915,0.0147165,0.0160987,0.0149956,0.0146416
triangle,0.659267,2.07746,2.22243,3.53662,-7.14405,-5.78539,-6.42388,0.978662,0.0213781,0.17278,0.0921349,0.0399429,0.0173781,0.0274245,0.00410187,0.0269341,0.00547611
triangle,0.739195,2.9413,2.63044,4.73565,-8.46336,-6.33776,-8.78402,0.99059,0.0048362,0.0805181,0.0950979,0.0414731,0.0319572,0.00971565,0.0180127,0.00401991,0.00239997
triangle,0.671212,4.15454,2.05771,4.34998,-7.61155,-6.46306,7.86975,0.976666,0.0091165,0.184475,0.0496148,0.00353325,0.0604815,0.0397948,0.0447352,0.0410918,0.0245925
triangle,0.709624,2.60743,2.39102,4.1163,7.45004,5.47422,-7.62536,0.985317,0.0221812,0.152966,0.0465667,0.0061175,0.040422,0.0129209,0.0268033,0.0119863,0.0197866
triangle,0.568123,1.45317,2.01419,2.55383,4.84485,3.31879,-5.58676,0.967741,0.0893537,0.199533,0.088379,0.0779736,0.0348704,0.00337335,0.00973023,0.0086282,0.0198195
triangle,0.601584,1.78464,1.82311,2.45743,4.60891,3.38677,5.24693,0.957412,0.134446,0.24418,0.044238,0.0431464,0.0197959,0.0189767,0.0203136,0.0242838,0.00949672
triangle,-0.316508,-0.192093,-0.278676,0.567643,-0.792085,0.48072,0.967823,0.95878,0.0678335,0.15115,0.18834,0.0251831,0.0823904,0.0562908,0.0729871,0.0325602,0.0290375
triangle,0.720024,2.64882,2.4734,4.26326,7.63971,5.6069,8.34958,0.987243,0.0175284,0.148937,0.0270632,0.0227641,0.0141621,0.0248357,0.014492,0.0220486,0.00983223
triangle,-0.405902,0.277746,-0.885701,2.10953,2.74835,2.31772,3.18824,0.981722,0.0699486,0.0465359,0.0809713,0.0827588,0.0837122,0.0389979,0.0436068,0.0576691,0.0447372
triangle,0.707081,2.35825,2.45299,3.82606,6.96944,5.03597,7.84317,0.980844,0.0779879,0.161301,0.0567989,0.0157705,0.0292569,0.0243893,0.0223051,0.0178375,0.0101982
triangle,0.664624,2.37736,2.08322,3.29033,6.00817,4.55685,-6.41473,0.977762,0.0634273,0.164244,0.0854944,0.0319988,0.0598213,0.0112683,0.025578,0.00364365,0.0165971
triangle,0.710752,3.68333,2.31276,4.88827,9.3696,-8.33071,-8.49257,0.986774,0.0105959,0.131226,0.0550497,0.0166554,0.0478127,0.0267249,0.0394009,0.0204116,0.0258178
triangle,0.699248,2.19993,2.44233,3.54105,6.54458,4.69278,-7.17046,0.978466,0.109035,0.161942,0.0425634,0.0159298,0.0408878,0.0176289,0.0194687,0.00346196,0.00722188
triangle,0.703725,2.89294,2.29638,4.28365,7.59749,5.77787,8.06531,0.98592,0.0127535,0.115856,0.104313,0.0318782,0.0387546,0.0142179,0.0208935,0.0159504,0.00920553
triangle,0.644563,1.8417,2.24646,3.35798,6.38363,4.60761,6.25624,0.975216,0.0988561,0.187055,0.0484721,0.0224693,0.0218686,0.0143016,0.0128,0.0107117,0.0194052
triangle,-0.375717,0.614932,-0.602449,-0.539382,-1.08541,0.042235,0.627595,0.985406,0.0992477,0.0703058,0.0711587,0.0242786,0.0843275,0.0232121,0.0163938,0.0073438,0.0235744
triangle,0.709977,3.47451,2.31194,4.87372,8.594,6.85628,-8.64286,0.986676,0.00589619,0.124736,0.0734743,0.0301637,0.053167,0.0249861,0.0296394,0.01043,0.0114281
triangle,0.629029,2.43923,2.12902,3.20465,5.87967,4.42427,-6.58712,0.982367,0.0947868,0.0642896,0.0784338,0.0163762,0.0439605,0.113124,0.0256853,0.00506499,0.00147626
triangle,-0.509821,0.640128,-1.08238,0.299224,0.277455,0.648314,0.048698,0.987401,0.0811686,0.0420658,0.0398562,0.0829369,0.0196249,0.0803274,0.0149269,0.0321169,0.011075
triangle,0.619946,1.819,2.04665,3.03452,5.57624,3.94411,6.7171,0.972253,0.00877089,0.194691,0.0982779,0.0701762,0.0283734,0.0338955,0.00448072,0.00769246,0.0112193
triangle,-0.585975,1.76126,-1.51223,-0.123005,0.816766,-1.11635,0.759717,0.986515,0.0392336,0.0645115,0.0756889,0.0310496,0.0811919,0.0654551,0.0300204,0.0372299,0.0350894
triangle,0.712272,3.19019,2.34897,4.94844,-8.59714,-6.57379,11.6331,0.987002,0.0455174,0.0402503,0.127296,0.0443485,0.0584457,0.0180015,0.0113535,0.00913673,0.00333408
triangle,0.671052,2.70784,2.08647,3.86277,-7.01921,-5.45973,-6.96056,0.978509,0.0153453,0.145346,0.12245,0.0571739,0.0399898,0.0288116,0.00527784,0.0179703,0.0107895
triangle,0.673433,2.46768,2.16479,4.09795,-7.58911,-6.16011,-7.27527,0.980523,0.0152364,0.158911,0.085405,0.0453455,0.0510208,0.0240797,0.0220243,0.00772975,0.00358589
triangle,0.774827,3.29771,6.72497,7.89792,15.4458,9.935,15.2985,0.999845,0.0124767,0.0087346,0.0057321,0.00383627,0.00330359,0.00140604,0.00286091,0.00276732,0.00136761
triangle,-0.551836,-0.395676,-1.44233,-0.0987873,0.869275,0.277381,0.87278,0.979373,0.115507,0.00899174,0.122123,0.0800649,0.0292985,0.0360667,0.00305469,0.0623924,0.00452212
triangle,0.736055,3.5576,2.5335,4.90599,8.74478,9.13981,8.81307,0.990734,0.0303014,0.0927111,0.063997,0.0586678,0.0209142,0.0241003,0.0032307,0.016966,0.00889607
triangle,0.717614,3.59059,2.38603,4.38067,7.76569,6.79552,8.82142,0.982894,0.0983906,0.128834,0.0457864,0.041188,0.0441075,0.00896375,0.0364529,0.017522,0.0136474
triangle,0.68588,2.57362,2.22226,3.94002,7.10488,5.51395,-7.26862,0.984442,0.0192482,0.131104,0.0786577,0.0572197,0.0528416,0.0255624,0.00600623,0.0156399,0.0112982
triangle,0.60013,1.63601,2.12538,3.14313,5.90185,4.23431,5.95752,0.970385,0.058404,0.194253,0.0519122,0.0895114,0.0638789,0.0386376,0.0168588,0.0146434,0.0207015
triangle,-0.626902,-0.166173,-1.34869,0.752804,1.34151,0.823587,-0.458554,0.987105,0.0447599,0.00962963,0.0347487,0.0942794,0.107751,0.0152974,0.0265933,0.0241408,0.0172457
triangle,0.714154,3.45517,2.34355,4.43433,8.81393,6.76232,-7.82556,0.987786,0.00643676,0.119387,0.0659256,0.0272639,0.0502166,0.0266939,0.0342879,0.0195832,0.010026
triangle,0.62858,1.71159,2.26558,3.17385,5.93205,4.09776,6.28829,0.973665,0.153678,0.134633,0.0788803,0.0352394,0.0197226,0.0341623,0.0279555,0.0171413,0.0117509
triangle,0.728439,4.73603,2.45005,5.49959,9.62044,-9.43,-9.62951,0.98992,0.0243205,0.105916,0.0710393,0.0302693,0.0309395,0.0218901,0.0223843,0.0142022,0.0120773
triangle,0.675847,3.019,2.17037,3.97125,7.59433,5.85997,-7.05983,0.982418,0.0458876,0.115871,0.125701,0.0298464,0.0420985,0.0134966,0.0117653,0.0200063,0.0117797
triangle,-0.0556152,0.508173,0.477793,2.80461,-4.44789,3.28358,-5.45669,0.973904,0.0538951,0.135934,0.0387272,0.114321,0.0890663,0.0488343,0.0537874,0.0482549,0.00436962
triangle,0.680374,2.45105,2.20516,3.95723,7.06837,5.25733,7.48344,0.981577,0.0405651,0.173732,0.0342966,0.0309219,0.0218762,0.0280077,0.0178979,0.0266741,0.0158211
triangle,0.688064,2.58923,2.24161,4.42537,-8.37175,-6.42001,-7.77217,0.983844,0.0168732,0.13091,0.0926247,0.0424657,0.0524496,0.0266814,0.0248345,0.0119979,0.00475177
triangle,0.696883,2.46002,2.33777,4.17738,7.4695,5.47531,7.85119,0.983426,0.0221241,0.138406,0.0893307,0.0369988,0.0515895,0.0234034,0.0223855,0.00993419,0.00830538
triangle,0.668111,1.96966,2.28166,3.09052,5.81986,4.16023,6.14823,0.966624,0.176135,0.18174,0.00660649,0.0145792,0.0186438,0.0157056,0.0185832,0.0117597,0.0158608
triangle,0.733489,2.86981,2.58782,4.93318,8.83561,6.38043,8.85313,0.988994,0.0292451,0.13917,0.0160909,0.0229246,0.01367,0.0139973,0.0138467,0.0138929,0.0106911
